R_CC,R_GAP,R_OC
-55.0,470.0,-525.0
30.0,110.0,-80.0
85.0,165.0,-80.0
35.0,-120.0,155.0
385.0,-10.0,395.0
-115.0,-345.0,230.0
-70.0,150.0,-220.0
-35.0,30.0,-65.0
-125.0,50.0,-175.0
-10.0,170.0,-180.0
85.0,25.0,60.0
20.0,-65.0,85.0
420.0,185.0,235.0
715.0,-410.0,1125.0
785.0,-715.0,1500.0
355.0,-770.0,1125.0
-380.0,-300.0,-80.0
755.0,300.0,455.0
-355.0,-410.0,55.0
-145.0,505.0,-650.0
80.0,170.0,-90.0
415.0,-135.0,550.0
-135.0,-415.0,280.0
750.0,170.0,580.0
-65.0,-650.0,585.0
-290.0,65.0,-355.0
-30.0,160.0,-190.0
-550.0,55.0,-605.0
450.0,535.0,-85.0
-80.0,-160.0,80.0
-50.0,-300.0,250.0
375.0,35.0,340.0
-445.0,-445.0,0.0
195.0,410.0,-215.0
-120.0,-230.0,110.0
390.0,120.0,270.0
-300.0,-245.0,-55.0
50.0,315.0,-265.0
735.0,-25.0,760.0
10.0,-770.0,780.0
-30.0,35.0,-65.0
390.0,230.0,160.0
880.0,-295.0,1175.0
-340.0,-890.0,550.0
335.0,450.0,-115.0
485.0,-330.0,815.0
-255.0,-445.0,190.0
165.0,20.0,145.0
-10.0,90.0,-100.0
-210.0,-25.0,-185.0
830.0,190.0,640.0
335.0,-805.0,1140.0
-190.0,-330.0,140.0
-40.0,295.0,-335.0
40.0,205.0,-165.0
-90.0,-40.0,-50.0
90.0,105.0,-15.0
725.0,-115.0,840.0
-715.0,-755.0,40.0
860.0,695.0,165.0
0.0,-135.0,135.0
-50.0,-25.0,-25.0
-510.0,25.0,-535.0
-75.0,455.0,-530.0
-40.0,-255.0,215.0
-925.0,-170.0,-755.0
-60.0,960.0,-1020.0
-135.0,40.0,-175.0
250.0,155.0,95.0
-195.0,-150.0,-45.0
-70.0,210.0,-280.0
1210.0,280.0,930.0
80.0,-1080.0,1160.0
350.0,-105.0,455.0
620.0,-385.0,1005.0
115.0,-560.0,675.0
140.0,-120.0,260.0
-735.0,-330.0,-405.0
75.0,520.0,-445.0
270.0,-40.0,310.0
-230.0,-200.0,-30.0
335.0,215.0,120.0
-200.0,-350.0,150.0
-485.0,195.0,-680.0
50.0,670.0,-620.0
-390.0,10.0,-400.0
290.0,375.0,-85.0
-845.0,-270.0,-575.0
1010.0,920.0,90.0
-615.0,-720.0,105.0
420.0,-325.0,745.0
-235.0,-400.0,165.0
-140.0,200.0,-340.0
135.0,175.0,-40.0
-355.0,-85.0,-270.0
30.0,-310.0,340.0
-845.0,335.0,-1180.0
-550.0,850.0,-1400.0
330.0,600.0,-270.0
-1070.0,-225.0,-845.0
945.0,1105.0,-160.0
-600.0,-615.0,15.0
105.0,-170.0,275.0
895.0,-145.0,1040.0
-815.0,-860.0,45.0
280.0,770.0,-490.0
-540.0,-295.0,-245.0
1170.0,750.0,420.0
-65.0,-550.0,485.0
-250.0,-90.0,-160.0
-20.0,275.0,-295.0
-350.0,10.0,-360.0
45.0,335.0,-290.0
700.0,170.0,530.0
280.0,-725.0,1005.0
-670.0,-260.0,-410.0
-155.0,660.0,-815.0
190.0,235.0,-45.0
75.0,-180.0,255.0
-190.0,-110.0,-80.0
185.0,200.0,-15.0
65.0,-215.0,280.0
515.0,-105.0,620.0
-140.0,-535.0,395.0
95.0,120.0,-25.0
235.0,-70.0,305.0
-125.0,-315.0,190.0
-340.0,160.0,-500.0
485.0,370.0,115.0
-490.0,-475.0,-15.0
95.0,480.0,-385.0
225.0,90.0,135.0
-65.0,-345.0,280.0
-380.0,35.0,-415.0
-480.0,395.0,-875.0
500.0,550.0,-50.0
-340.0,-550.0,210.0
785.0,270.0,515.0
-195.0,-505.0,310.0
-230.0,125.0,-355.0
240.0,135.0,105.0
-105.0,-260.0,155.0
0.0,135.0,-135.0
345.0,155.0,190.0
195.0,-350.0,545.0
-245.0,-285.0,40.0
-250.0,220.0,-470.0
130.0,280.0,-150.0
-325.0,-20.0,-305.0
-510.0,-40.0,-470.0
405.0,775.0,-370.0
80.0,-300.0,380.0
120.0,-50.0,170.0
-5.0,-135.0,130.0
35.0,5.0,30.0
120.0,-75.0,195.0
410.0,-210.0,620.0
470.0,-410.0,880.0
-225.0,-495.0,270.0
215.0,230.0,-15.0
-40.0,-170.0,130.0
75.0,315.0,-240.0
460.0,-55.0,515.0
485.0,-445.0,930.0
330.0,-565.0,895.0
-65.0,-310.0,245.0
0.0,20.0,-20.0
-10.0,130.0,-140.0
770.0,-20.0,790.0
325.0,-730.0,1055.0
410.0,-345.0,755.0
-1190.0,-405.0,-785.0
620.0,1130.0,-510.0
-585.0,-380.0,-205.0
15.0,35.0,-20.0
-140.0,35.0,-175.0
-830.0,160.0,-990.0
-205.0,660.0,-865.0
125.0,115.0,10.0
-695.0,-415.0,-280.0
55.0,320.0,-265.0
-415.0,-5.0,-410.0
-1390.0,415.0,-1805.0
-35.0,1335.0,-1370.0
210.0,-15.0,225.0
530.0,130.0,400.0
65.0,-610.0,675.0
725.0,-65.0,790.0
-1265.0,-660.0,-605.0
-2045.0,1140.0,-3185.0
1335.0,1995.0,-660.0
-5945.0,-2750.0,-3195.0
2905.0,4455.0,-1550.0
870.0,-2505.0,3375.0
-290.0,-1115.0,825.0
265.0,-90.0,355.0
385.0,-240.0,625.0
780.0,-405.0,1185.0
165.0,-1115.0,1280.0
270.0,-100.0,370.0
1430.0,-295.0,1725.0
-550.0,-1385.0,835.0
-340.0,70.0,-410.0
905.0,860.0,45.0
-115.0,-800.0,685.0
250.0,35.0,215.0
180.0,-260.0,440.0
-25.0,-250.0,225.0
-320.0,35.0,-355.0
245.0,320.0,-75.0
75.0,-250.0,325.0
-20.0,5.0,-25.0
350.0,50.0,300.0
-30.0,-285.0,255.0
5.0,120.0,-115.0
105.0,50.0,55.0
-1795.0,-145.0,-1650.0
-380.0,1800.0,-2180.0
-260.0,325.0,-585.0
585.0,370.0,215.0
-720.0,-1435.0,715.0
-70.0,-75.0,5.0
-385.0,185.0,-570.0
1080.0,480.0,600.0
-565.0,-960.0,395.0
175.0,405.0,-230.0
-445.0,-145.0,-300.0
165.0,435.0,-270.0
710.0,-180.0,890.0
630.0,-665.0,1295.0
-145.0,-670.0,525.0
830.0,605.0,225.0
-395.0,-425.0,30.0
-150.0,210.0,-360.0
995.0,255.0,740.0
1195.0,-880.0,2075.0
-1005.0,-1040.0,35.0
-910.0,-670.0,-240.0
835.0,65.0,770.0
-1020.0,-780.0,-240.0
860.0,900.0,-40.0
-60.0,-710.0,650.0
-75.0,-90.0,15.0
885.0,940.0,-55.0
-410.0,-795.0,385.0
340.0,345.0,-5.0
20.0,-410.0,430.0
300.0,-145.0,445.0
-400.0,-335.0,-65.0
470.0,630.0,-160.0
225.0,-180.0,405.0
-710.0,-155.0,-555.0
-100.0,635.0,-735.0
-90.0,25.0,-115.0
210.0,175.0,35.0
-195.0,-105.0,-90.0
-585.0,80.0,-665.0
-365.0,645.0,-1010.0
90.0,460.0,-370.0
-145.0,10.0,-155.0
-80.0,210.0,-290.0
715.0,375.0,340.0
325.0,-700.0,1025.0
515.0,-270.0,785.0
-420.0,-415.0,-5.0
-940.0,480.0,-1420.0
130.0,685.0,-555.0
400.0,305.0,95.0
1035.0,-590.0,1625.0
-460.0,-1050.0,590.0
265.0,545.0,-280.0
-15.0,-335.0,320.0
60.0,-330.0,390.0
-145.0,-15.0,-130.0
-750.0,210.0,-960.0
-65.0,845.0,-910.0
90.0,140.0,-50.0
235.0,-10.0,245.0
-650.0,-510.0,-140.0
150.0,330.0,-180.0
25.0,-220.0,245.0
-395.0,-25.0,-370.0
300.0,460.0,-160.0
-380.0,-300.0,-80.0
775.0,540.0,235.0
-250.0,-395.0,145.0
-415.0,255.0,-670.0
310.0,330.0,-20.0
-210.0,-280.0,70.0
220.0,190.0,30.0
80.0,-245.0,325.0
700.0,-380.0,1080.0
110.0,-725.0,835.0
110.0,-90.0,200.0
-350.0,-40.0,-310.0
515.0,380.0,135.0
-345.0,-335.0,-10.0
200.0,-110.0,310.0
10.0,-100.0,110.0
410.0,-30.0,440.0
-370.0,-440.0,70.0
280.0,385.0,-105.0
-290.0,-105.0,-185.0
-60.0,50.0,-110.0
-195.0,50.0,-245.0
-135.0,160.0,-295.0
-355.0,165.0,-520.0
480.0,485.0,-5.0
10.0,-495.0,505.0
-75.0,-490.0,415.0
60.0,70.0,-10.0
315.0,-70.0,385.0
750.0,-335.0,1085.0
-720.0,-795.0,75.0
470.0,575.0,-105.0
100.0,190.0,-90.0
-730.0,-670.0,-60.0
65.0,560.0,-495.0
-115.0,40.0,-155.0
695.0,30.0,665.0
-45.0,-660.0,615.0
-395.0,30.0,-425.0
-320.0,385.0,-705.0
235.0,240.0,-5.0
-990.0,-485.0,-505.0
-95.0,795.0,-890.0
260.0,135.0,125.0
-185.0,-320.0,135.0
75.0,275.0,-200.0
360.0,230.0,130.0
45.0,-445.0,490.0
630.0,-45.0,675.0
315.0,-575.0,890.0
45.0,-320.0,365.0
-130.0,-80.0,-50.0
-335.0,740.0,-1075.0
-410.0,550.0,-960.0
520.0,355.0,165.0
-165.0,-415.0,250.0
205.0,135.0,70.0
-145.0,-145.0,0.0
-900.0,85.0,-985.0
185.0,1060.0,-875.0
-35.0,-150.0,115.0
355.0,85.0,270.0
-250.0,-320.0,70.0
200.0,235.0,-35.0
-260.0,-170.0,-90.0
5.0,80.0,-75.0
205.0,40.0,165.0
460.0,-215.0,675.0
-345.0,-445.0,100.0
320.0,305.0,15.0
-220.0,-225.0,5.0
95.0,-50.0,145.0
-130.0,-120.0,-10.0
-465.0,155.0,-620.0
85.0,480.0,-395.0
-265.0,-65.0,-200.0
-175.0,60.0,-235.0
-115.0,455.0,-570.0
-35.0,105.0,-140.0
95.0,-140.0,235.0
-1170.0,-90.0,-1080.0
875.0,1125.0,-250.0
-145.0,-670.0,525.0
-505.0,-625.0,120.0
80.0,465.0,-385.0
325.0,-125.0,450.0
-990.0,-350.0,-640.0
380.0,840.0,-460.0
-70.0,-230.0,160.0
-325.0,-215.0,-110.0
50.0,255.0,-205.0
-50.0,-90.0,40.0
115.0,95.0,20.0
-285.0,-345.0,60.0
625.0,650.0,-25.0
415.0,-370.0,785.0
-120.0,-375.0,255.0
65.0,130.0,-65.0
-160.0,-165.0,5.0
0.0,160.0,-160.0
-55.0,-210.0,155.0
225.0,55.0,170.0
220.0,-155.0,375.0
-375.0,-215.0,-160.0
-410.0,365.0,-775.0
510.0,390.0,120.0
-1870.0,-1105.0,-765.0
-50.0,1235.0,-1285.0
150.0,160.0,-10.0
-920.0,-200.0,-720.0
-1075.0,875.0,-1950.0
155.0,1030.0,-875.0
-2940.0,-1560.0,-1380.0
2125.0,2585.0,-460.0
-1270.0,-2170.0,900.0
2800.0,1355.0,1445.0
-1120.0,-2305.0,1185.0
-105.0,770.0,-875.0
775.0,-355.0,1130.0
185.0,-985.0,1170.0
-440.0,-160.0,-280.0
510.0,495.0,15.0
400.0,-670.0,1070.0
-440.0,-395.0,-45.0
-135.0,360.0,-495.0
25.0,480.0,-455.0
630.0,-95.0,725.0
110.0,-590.0,700.0
755.0,-30.0,785.0
-445.0,-825.0,380.0
570.0,490.0,80.0
170.0,-210.0,380.0
-40.0,-200.0,160.0
515.0,90.0,425.0
275.0,-435.0,710.0
165.0,-225.0,390.0
70.0,-20.0,90.0
75.0,-200.0,275.0
-355.0,-130.0,-225.0
355.0,250.0,105.0
395.0,-300.0,695.0
-250.0,-375.0,125.0
425.0,165.0,260.0
500.0,-150.0,650.0
-60.0,-100.0,40.0
-430.0,45.0,-475.0
60.0,455.0,-395.0
-60.0,-105.0,45.0
-325.0,155.0,-480.0
145.0,440.0,-295.0
-275.0,-125.0,-150.0
-230.0,200.0,-430.0
170.0,310.0,-140.0
-180.0,-270.0,90.0
575.0,-285.0,860.0
230.0,-375.0,605.0
-110.0,-250.0,140.0
695.0,190.0,505.0
-440.0,-655.0,215.0
-50.0,405.0,-455.0
-425.0,-175.0,-250.0
15.0,510.0,-495.0
275.0,-110.0,385.0
-260.0,-335.0,75.0
275.0,320.0,-45.0
-200.0,-160.0,-40.0
510.0,465.0,45.0
130.0,-355.0,485.0
205.0,-135.0,340.0
-290.0,-230.0,-60.0
-370.0,325.0,-695.0
445.0,305.0,140.0
135.0,-150.0,285.0
155.0,-485.0,640.0
335.0,-120.0,455.0
-345.0,-410.0,65.0
-155.0,345.0,-500.0
130.0,145.0,-15.0
-75.0,-185.0,110.0
410.0,50.0,360.0
115.0,-335.0,450.0
570.0,-230.0,800.0
685.0,-540.0,1225.0
-625.0,-715.0,90.0
885.0,920.0,-35.0
-550.0,-235.0,-315.0
-85.0,580.0,-665.0
-90.0,25.0,-115.0
55.0,55.0,0.0
305.0,-10.0,315.0
-535.0,-300.0,-235.0
275.0,210.0,65.0
-25.0,-225.0,200.0
-155.0,55.0,-210.0
-130.0,185.0,-315.0
175.0,160.0,15.0
-270.0,-205.0,-65.0
250.0,-25.0,275.0
-65.0,-185.0,120.0
335.0,45.0,290.0
-105.0,-305.0,200.0
95.0,40.0,55.0
-100.0,-240.0,140.0
-80.0,35.0,-115.0
1480.0,90.0,1390.0
650.0,-1485.0,2135.0
-500.0,-765.0,265.0
325.0,490.0,-165.0
-785.0,-360.0,-425.0
-110.0,425.0,-535.0
-135.0,150.0,-285.0
525.0,205.0,320.0
-330.0,-535.0,205.0
-50.0,240.0,-290.0
-495.0,-840.0,345.0
330.0,370.0,-40.0
155.0,-285.0,440.0
200.0,-205.0,405.0
820.0,-200.0,1020.0
-720.0,-820.0,100.0
1270.0,1160.0,110.0
270.0,-545.0,815.0
735.0,-355.0,1090.0
-770.0,-655.0,-115.0
865.0,840.0,25.0
-655.0,-800.0,145.0
905.0,525.0,380.0
-160.0,-285.0,125.0
-650.0,150.0,-800.0
-305.0,685.0,-990.0
-40.0,365.0,-405.0
130.0,60.0,70.0
70.0,295.0,-225.0
-470.0,-95.0,-375.0
200.0,430.0,-230.0
430.0,-270.0,700.0
-240.0,-465.0,225.0
255.0,295.0,-40.0
-700.0,-835.0,135.0
105.0,415.0,-310.0
-335.0,-90.0,-245.0
615.0,150.0,465.0
440.0,-575.0,1015.0
-275.0,-450.0,175.0
860.0,-165.0,1025.0
-100.0,-615.0,515.0
315.0,55.0,260.0
560.0,-295.0,855.0
50.0,-545.0,595.0
35.0,-205.0,240.0
125.0,-100.0,225.0
-25.0,-220.0,195.0
605.0,-15.0,620.0
-485.0,-570.0,85.0
910.0,515.0,395.0
-335.0,-650.0,315.0
225.0,-480.0,705.0
-120.0,-305.0,185.0
40.0,105.0,-65.0
-405.0,10.0,-415.0
285.0,405.0,-120.0
-210.0,-355.0,145.0
-200.0,5.0,-205.0
-390.0,150.0,-540.0
535.0,300.0,235.0
870.0,-655.0,1525.0
-980.0,-915.0,-65.0
3240.0,1205.0,2035.0
-255.0,-2205.0,1950.0
-185.0,185.0,-370.0
1040.0,250.0,790.0
-1185.0,-800.0,-385.0
1145.0,1145.0,0.0
-2120.0,-1380.0,-740.0
145.0,805.0,-660.0
1030.0,30.0,1000.0
610.0,-1150.0,1760.0
-880.0,-565.0,-315.0
775.0,940.0,-165.0
995.0,-325.0,1320.0
-145.0,-2115.0,1970.0
135.0,165.0,-30.0
-630.0,-110.0,-520.0
645.0,620.0,25.0
-415.0,-570.0,155.0
1690.0,580.0,1110.0
-125.0,-1380.0,1255.0
865.0,160.0,705.0
115.0,-955.0,1070.0
1015.0,-95.0,1110.0
-880.0,-925.0,45.0
715.0,925.0,-210.0
-785.0,300.0,-1085.0
-995.0,755.0,-1750.0
335.0,1030.0,-695.0
-545.0,-410.0,-135.0
235.0,450.0,-215.0
500.0,-480.0,980.0
110.0,-600.0,710.0
-40.0,-90.0,50.0
185.0,-90.0,275.0
-985.0,-170.0,-815.0
370.0,905.0,-535.0
-420.0,-505.0,85.0
-1760.0,-65.0,-1695.0
125.0,1815.0,-1690.0
1280.0,-80.0,1360.0
-1125.0,-1165.0,40.0
1320.0,1085.0,235.0
-1090.0,-1460.0,370.0
-415.0,-580.0,165.0
1075.0,450.0,625.0
460.0,-1010.0,1470.0
120.0,-415.0,535.0
-195.0,-105.0,-90.0
-770.0,80.0,-850.0
-20.0,950.0,-970.0
570.0,-20.0,590.0
1165.0,-510.0,1675.0
-520.0,-1140.0,620.0
125.0,440.0,-315.0
-15.0,130.0,-145.0
225.0,-110.0,335.0
-225.0,-225.0,0.0
-480.0,280.0,-760.0
650.0,485.0,165.0
-460.0,-475.0,15.0
-75.0,260.0,-335.0
-775.0,540.0,-1315.0
250.0,765.0,-515.0
-555.0,-250.0,-305.0
405.0,560.0,-155.0
-170.0,-390.0,220.0
1035.0,930.0,105.0
75.0,-685.0,760.0
-150.0,-15.0,-135.0
155.0,125.0,30.0
225.0,-190.0,415.0
-235.0,-215.0,-20.0
-15.0,30.0,-45.0
15.0,-110.0,125.0
-125.0,-40.0,-85.0
1485.0,265.0,1220.0
850.0,-1410.0,2260.0
-695.0,-880.0,185.0
-805.0,645.0,-1450.0
885.0,850.0,35.0
-670.0,-745.0,75.0
2465.0,2420.0,45.0
-125.0,-1850.0,1725.0
590.0,55.0,535.0
-150.0,-565.0,415.0
-140.0,230.0,-370.0
305.0,175.0,130.0
-695.0,-740.0,45.0
-865.0,350.0,-1215.0
30.0,720.0,-690.0
905.0,-120.0,1025.0
-40.0,-980.0,940.0
230.0,90.0,140.0
-1060.0,-520.0,-540.0
485.0,835.0,-350.0
345.0,-415.0,760.0
-385.0,-350.0,-35.0
90.0,490.0,-400.0
-310.0,30.0,-340.0
-490.0,505.0,-995.0
2025.0,600.0,1425.0
-120.0,-1750.0,1630.0
-515.0,165.0,-680.0
400.0,545.0,-145.0
-260.0,-260.0,0.0
2045.0,1710.0,335.0
1420.0,-1850.0,3270.0
450.0,-1305.0,1755.0
-600.0,-325.0,-275.0
-455.0,655.0,-1110.0
445.0,560.0,-115.0
-535.0,-305.0,-230.0
-300.0,250.0,-550.0
655.0,380.0,275.0
310.0,-580.0,890.0
-725.0,-260.0,-465.0
135.0,710.0,-575.0
-325.0,-130.0,-195.0
695.0,160.0,535.0
1445.0,-490.0,1935.0
70.0,-1140.0,1210.0
235.0,-60.0,295.0
-245.0,-280.0,35.0
-865.0,-380.0,-485.0
-1830.0,1225.0,-3055.0
-1900.0,1545.0,-3445.0
890.0,1415.0,-525.0
600.0,-425.0,1025.0
-340.0,-485.0,145.0
-2820.0,-1545.0,-1275.0
1865.0,3050.0,-1185.0
760.0,-1845.0,2605.0
-780.0,-500.0,-280.0
-1060.0,425.0,-1485.0
240.0,1025.0,-785.0
-80.0,-380.0,300.0
-115.0,-535.0,420.0
1505.0,-100.0,1605.0
-1935.0,-1400.0,-535.0
105.0,1815.0,-1710.0
-770.0,-440.0,-330.0
-1295.0,-320.0,-975.0
1205.0,2220.0,-1015.0
1255.0,-1535.0,2790.0
-260.0,-800.0,540.0
-340.0,380.0,-720.0
-45.0,260.0,-305.0
-785.0,-1140.0,355.0
-855.0,645.0,-1500.0
2895.0,880.0,2015.0
-1675.0,-2460.0,785.0
775.0,1465.0,-690.0
105.0,-395.0,500.0
300.0,-55.0,355.0
-20.0,-420.0,400.0
2885.0,370.0,2515.0
-135.0,-2860.0,2725.0
540.0,145.0,395.0
-750.0,-965.0,215.0
465.0,1245.0,-780.0
1450.0,335.0,1115.0
325.0,-1330.0,1655.0
1220.0,-145.0,1365.0
-785.0,-1175.0,390.0
375.0,670.0,-295.0
-265.0,770.0,-1035.0
430.0,0.0,430.0
460.0,-535.0,995.0
-655.0,-405.0,-250.0
580.0,660.0,-80.0
-250.0,-520.0,270.0
775.0,325.0,450.0
-220.0,-495.0,275.0
-660.0,300.0,-960.0
160.0,735.0,-575.0
-105.0,-325.0,220.0
135.0,140.0,-5.0
295.0,-125.0,420.0
-205.0,-475.0,270.0
1695.0,195.0,1500.0
1800.0,-1590.0,3390.0
-280.0,-1810.0,1530.0
-160.0,475.0,-635.0
-295.0,500.0,-795.0
250.0,470.0,-220.0
645.0,-5.0,650.0
-570.0,-685.0,115.0
-695.0,590.0,-1285.0
900.0,655.0,245.0
-2310.0,-965.0,-1345.0
230.0,1355.0,-1125.0
-1175.0,-10.0,-1165.0
1870.0,1380.0,490.0
1795.0,-1735.0,3530.0
-1830.0,-1840.0,10.0
3770.0,1950.0,1820.0
-135.0,-1990.0,1855.0
-130.0,130.0,-260.0
-455.0,-10.0,-445.0
1910.0,730.0,1180.0
-1130.0,-1775.0,645.0
1745.0,885.0,860.0
-335.0,-670.0,335.0
1805.0,415.0,1390.0
-915.0,-1610.0,695.0
-970.0,935.0,-1905.0
450.0,1070.0,-620.0
-3245.0,-1185.0,-2060.0
1405.0,2800.0,-1395.0
-955.0,-880.0,-75.0
50.0,1180.0,-1130.0
1740.0,-55.0,1795.0
-1595.0,-1485.0,-110.0
4885.0,2735.0,2150.0
-10.0,-3005.0,2995.0
670.0,0.0,670.0
1180.0,-320.0,1500.0
360.0,-1200.0,1560.0
190.0,-90.0,280.0
1080.0,330.0,750.0
-3080.0,-1090.0,-1990.0
-220.0,3000.0,-3220.0
2965.0,-10.0,2975.0
-2945.0,-3200.0,255.0
1880.0,3000.0,-1120.0
-1690.0,-1730.0,40.0
335.0,70.0,265.0
510.0,-260.0,770.0
-1780.0,-360.0,-1420.0
1175.0,1845.0,-670.0
-1105.0,-1410.0,305.0
1080.0,975.0,105.0
-1605.0,-170.0,-1435.0
-1550.0,1700.0,-3250.0
1110.0,1615.0,-505.0
845.0,-810.0,1655.0
-55.0,-805.0,750.0
-1495.0,105.0,-1600.0
515.0,1510.0,-995.0
1090.0,-335.0,1425.0
-2010.0,-1210.0,-800.0
-2800.0,1910.0,-4710.0
2385.0,2460.0,-75.0
-1720.0,-2050.0,330.0
1590.0,-715.0,2305.0
-225.0,-1185.0,960.0
260.0,185.0,75.0
-1760.0,-490.0,-1270.0
775.0,1460.0,-685.0
-200.0,-705.0,505.0
-2705.0,-180.0,-2525.0
-80.0,2550.0,-2630.0
-650.0,105.0,-755.0
1890.0,780.0,1110.0
-405.0,-1960.0,1555.0
605.0,125.0,480.0
80.0,235.0,-155.0
2455.0,-115.0,2570.0
-795.0,-2345.0,1550.0
100.0,555.0,-455.0
515.0,-105.0,620.0
985.0,40.0,945.0
-290.0,-1395.0,1105.0
785.0,440.0,345.0
635.0,-720.0,1355.0
420.0,-565.0,985.0
755.0,-465.0,1220.0
-175.0,-745.0,570.0
-1730.0,-585.0,-1145.0
-2085.0,1745.0,-3830.0
885.0,1955.0,-1070.0
-255.0,-350.0,95.0
-310.0,-155.0,-155.0
-340.0,-70.0,-270.0
460.0,820.0,-360.0
485.0,-500.0,985.0
-270.0,-545.0,275.0
335.0,135.0,200.0
-450.0,-285.0,-165.0
445.0,805.0,-360.0
360.0,90.0,270.0
